{
  "config_id": 8.0,
  "hidden_dim": 128.0,
  "num_layers": 3.0,
  "dropout": 0.1,
  "lr": 0.001,
  "weight_decay": 0.0001,
  "best_epoch": 70.0,
  "train_R2": 0.4937064051628113,
  "val_R2": 0.4650649428367615,
  "test_R2": 0.5242184400558472,
  "test_MAE": 0.7152168154716492,
  "test_RMSE": 0.9015203575188442
}