split_type,split,rows,MAE,RMSE,R2
random,train,8000,0.8006777634829195,1.015261652399769,0.3928285603460674
random,val,1000,0.8548922310610219,1.0931754377764746,0.3186119757571183
random,test,1000,0.8427906537488311,1.0736706192628267,0.32516330167885654
