{
  "MAE": 0.8037805624868217,
  "RMSE": 1.0594828837293273,
  "R2": 0.34288036540166544
}