{
  "config_id": 7,
  "hidden_layer_sizes": [
    128,
    64,
    32
  ],
  "alpha": 0.0001,
  "learning_rate_init": 0.001,
  "best_epoch": 140,
  "val_MAE": 0.8081574912357835,
  "val_RMSE": 1.0403795714317419,
  "val_R2": 0.3828391080751419,
  "test_MAE": 0.8037805624868217,
  "test_RMSE": 1.0594828837293273,
  "test_R2": 0.34288036540166544
}